{"cameraMode":{"drawMode":0,"name":"Shaded","section":"Shading Mode"},"sceneLighting":true,"audioPlay":false,"sceneViewState":{"showFog":true,"showMaterialUpdate":true,"showSkybox":true,"showFlares":true,"showImageEffects":true,"showParticleSystems":true},"in2DMode":false,"pivot":{"x":1.8905067443847657,"y":68.32987976074219,"z":-4.83544921875},"rotation":{"x":-0.049086589366197589,"y":-0.9111881256103516,"z":0.3931956887245178,"w":-0.11341726779937744},"size":94.34788513183594,"orthographic":false}