{"cameraMode":{"drawMode":0,"name":"Shaded","section":"Shading Mode"},"sceneLighting":true,"audioPlay":false,"sceneViewState":{"showFog":true,"showMaterialUpdate":true,"showSkybox":true,"showFlares":true,"showImageEffects":true,"showParticleSystems":true},"in2DMode":false,"pivot":{"x":24.489604949951173,"y":9.249412536621094,"z":37.86824035644531},"rotation":{"x":0.21959225833415986,"y":-0.12641750276088715,"z":0.02610858343541622,"w":0.9673382043838501},"size":65.08293914794922,"orthographic":false}