{"cameraMode":{"drawMode":0,"name":"Shaded","section":"Shading Mode"},"sceneLighting":true,"audioPlay":false,"sceneViewState":{"showFog":true,"showMaterialUpdate":true,"showSkybox":true,"showFlares":true,"showImageEffects":true,"showParticleSystems":true},"in2DMode":false,"pivot":{"x":-2.0708017349243166,"y":26.31627655029297,"z":-0.7688751220703125},"rotation":{"x":0.1620555818080902,"y":-0.18965665996074677,"z":0.031754013150930408,"w":0.9678515791893005},"size":69.43236541748047,"orthographic":false}