{"cameraMode":{"drawMode":0,"name":"Shaded","section":"Shading Mode"},"sceneLighting":true,"audioPlay":false,"sceneViewState":{"showFog":true,"showMaterialUpdate":true,"showSkybox":true,"showFlares":true,"showImageEffects":true,"showParticleSystems":true},"in2DMode":false,"pivot":{"x":-55.09635925292969,"y":1.3108575344085694,"z":-1.0589406490325928},"rotation":{"x":0.46637123823165896,"y":-0.2060052454471588,"z":0.1126415953040123,"w":0.8528777360916138},"size":9.13270092010498,"orthographic":false}