{"cameraMode":{"drawMode":0,"name":"Shaded","section":"Shading Mode"},"sceneLighting":true,"audioPlay":false,"sceneViewState":{"showFog":true,"showMaterialUpdate":true,"showSkybox":true,"showFlares":true,"showImageEffects":true,"showParticleSystems":true},"in2DMode":false,"pivot":{"x":0.559999942779541,"y":0.5099999904632568,"z":5.630000114440918},"rotation":{"x":0.07111721485853195,"y":-0.9233838319778442,"z":0.20871178805828095,"w":0.3144514858722687},"size":77.14281463623047,"orthographic":false}