{"cameraMode":{"drawMode":0,"name":"Shaded","section":"Shading Mode"},"sceneLighting":true,"audioPlay":false,"sceneViewState":{"showFog":true,"showMaterialUpdate":true,"showSkybox":true,"showFlares":true,"showImageEffects":true,"showParticleSystems":true},"in2DMode":false,"pivot":{"x":75.57199096679688,"y":18.937728881835939,"z":21.105331420898439},"rotation":{"x":0.227660670876503,"y":0.12425168603658676,"z":-0.03208227455615997,"w":0.965566873550415},"size":71.87101745605469,"orthographic":false}