{"cameraMode":{"drawMode":0,"name":"Shaded","section":"Shading Mode"},"sceneLighting":true,"audioPlay":false,"sceneViewState":{"showFog":true,"showMaterialUpdate":true,"showSkybox":true,"showFlares":true,"showImageEffects":true,"showParticleSystems":true},"in2DMode":false,"pivot":{"x":17.677663803100587,"y":6.045936584472656,"z":17.156402587890626},"rotation":{"x":0.3639071583747864,"y":0.04347255080938339,"z":-0.019580451771616937,"w":0.9305433630943298},"size":79.70062255859375,"orthographic":false}